city_id,city,latitude,longitude,date,temp_day,temp_min,temp_max,feels_like,humidity,wind_speed,pop,rain_volume,weather_main,weather_description,weather_score
1,Mont Saint Michel,48.6359541,-1.51146,2026-03-24,12.84,7.12,14.42,11.85,64,8.61,0.0,0.0,Clouds,couvert,63.5
1,Mont Saint Michel,48.6359541,-1.51146,2026-03-25,8.51,6.22,9.98,3.69,61,13.27,1.0,4.42,Rain,légère pluie,18.0
1,Mont Saint Michel,48.6359541,-1.51146,2026-03-26,9.44,4.96,9.49,6.66,55,8.96,0.98,0.93,Rain,légère pluie,27.9
1,Mont Saint Michel,48.6359541,-1.51146,2026-03-27,9.36,5.28,10.9,7.0,82,4.48,0.0,0.0,Clouds,couvert,48.6
1,Mont Saint Michel,48.6359541,-1.51146,2026-03-28,9.47,5.49,9.97,6.91,65,5.99,1.0,1.74,Rain,légère pluie,23.5
1,Mont Saint Michel,48.6359541,-1.51146,2026-03-29,9.65,4.02,9.65,6.6,58,7.3,0.27,0.0,Clouds,partiellement nuageux,50.4
1,Mont Saint Michel,48.6359541,-1.51146,2026-03-30,12.62,8.14,12.81,12.05,81,5.88,0.0,0.0,Clouds,couvert,59.6
1,Mont Saint Michel,48.6359541,-1.51146,2026-03-31,15.45,8.78,15.79,14.83,68,5.16,0.0,0.0,Clouds,nuageux,78.1
2,St Malo,48.649518,-2.0260409,2026-03-24,12.64,7.96,14.3,11.71,67,10.39,0.0,0.0,Clouds,nuageux,62.2
2,St Malo,48.649518,-2.0260409,2026-03-25,8.61,7.45,10.14,3.7,57,15.04,1.0,3.69,Rain,légère pluie,22.7
2,St Malo,48.649518,-2.0260409,2026-03-26,8.61,6.96,8.67,5.42,58,11.0,0.8,0.0,Clouds,partiellement nuageux,31.8
2,St Malo,48.649518,-2.0260409,2026-03-27,10.28,6.62,10.96,9.43,79,6.01,0.0,0.0,Clouds,couvert,59.5
2,St Malo,48.649518,-2.0260409,2026-03-28,9.75,8.03,9.75,7.59,62,10.96,1.0,2.35,Rain,légère pluie,19.8
2,St Malo,48.649518,-2.0260409,2026-03-29,8.78,7.55,8.87,5.35,59,9.72,0.2,0.15,Rain,légère pluie,50.7
2,St Malo,48.649518,-2.0260409,2026-03-30,12.07,8.58,12.43,11.55,85,7.04,0.0,0.0,Clouds,couvert,58.7
2,St Malo,48.649518,-2.0260409,2026-03-31,13.21,10.23,13.21,12.62,78,6.22,0.0,0.0,Clouds,peu nuageux,59.3
3,Bayeux,49.2764624,-0.7024738,2026-03-24,12.52,7.13,14.26,11.6,68,10.49,0.0,0.0,Clouds,couvert,62.1
3,Bayeux,49.2764624,-0.7024738,2026-03-25,7.86,4.86,9.28,2.99,59,12.37,1.0,2.95,Rain,légère pluie,24.7
3,Bayeux,49.2764624,-0.7024738,2026-03-26,7.97,2.99,7.98,5.02,57,8.26,1.0,1.53,Rain,légère pluie,27.8
3,Bayeux,49.2764624,-0.7024738,2026-03-27,10.21,3.0,10.21,9.56,87,6.54,0.2,0.14,Rain,légère pluie,53.1
3,Bayeux,49.2764624,-0.7024738,2026-03-28,10.19,6.26,10.19,8.75,57,7.57,1.0,1.99,Rain,légère pluie,40.3
3,Bayeux,49.2764624,-0.7024738,2026-03-29,8.26,4.05,8.26,5.21,61,7.46,0.2,0.14,Rain,légère pluie,46.4
3,Bayeux,49.2764624,-0.7024738,2026-03-30,13.14,8.06,13.14,12.52,77,6.75,0.0,0.0,Clouds,couvert,58.9
3,Bayeux,49.2764624,-0.7024738,2026-03-31,13.09,8.82,13.09,12.52,79,5.33,0.0,0.0,Clouds,nuageux,60.0
4,Le Havre,49.4938975,0.1079732,2026-03-24,11.38,8.76,12.52,10.45,72,12.15,0.0,0.0,Clouds,nuageux,60.9
4,Le Havre,49.4938975,0.1079732,2026-03-25,7.25,7.06,10.4,1.69,63,15.63,1.0,5.91,Rain,légère pluie,16.3
4,Le Havre,49.4938975,0.1079732,2026-03-26,7.09,6.51,8.45,3.56,57,11.96,1.0,1.58,Rain,légère pluie,25.0
4,Le Havre,49.4938975,0.1079732,2026-03-27,9.74,7.84,10.13,6.51,92,7.68,0.2,0.78,Rain,légère pluie,40.2
4,Le Havre,49.4938975,0.1079732,2026-03-28,9.24,8.48,9.84,6.18,57,9.33,1.0,2.62,Rain,légère pluie,27.0
4,Le Havre,49.4938975,0.1079732,2026-03-29,7.7,6.95,8.58,4.27,64,9.33,0.2,0.3,Rain,légère pluie,45.0
4,Le Havre,49.4938975,0.1079732,2026-03-30,11.09,9.11,11.27,10.58,89,8.11,0.2,0.3,Rain,légère pluie,51.9
4,Le Havre,49.4938975,0.1079732,2026-03-31,12.05,10.17,12.24,11.45,82,5.93,0.0,0.0,Clouds,peu nuageux,59.6
5,Rouen,49.4404591,1.0939658,2026-03-24,13.35,6.66,16.17,12.49,67,8.28,0.0,0.0,Clouds,couvert,63.8
5,Rouen,49.4404591,1.0939658,2026-03-25,6.83,4.27,9.97,2.05,74,10.78,1.0,3.61,Rain,légère pluie,19.9
5,Rouen,49.4404591,1.0939658,2026-03-26,8.34,1.57,8.34,4.99,46,6.43,0.55,0.18,Rain,légère pluie,42.7
5,Rouen,49.4404591,1.0939658,2026-03-27,9.41,2.99,9.44,6.76,88,5.26,0.2,0.13,Rain,légère pluie,42.1
5,Rouen,49.4404591,1.0939658,2026-03-28,11.39,6.9,11.39,9.99,54,5.81,1.0,1.35,Rain,légère pluie,41.6
5,Rouen,49.4404591,1.0939658,2026-03-29,9.4,3.58,9.57,6.97,57,5.03,0.0,0.0,Clouds,couvert,60.2
5,Rouen,49.4404591,1.0939658,2026-03-30,13.82,6.76,14.06,13.19,74,7.22,0.2,0.3,Rain,légère pluie,58.6
5,Rouen,49.4404591,1.0939658,2026-03-31,15.51,8.88,15.51,14.84,66,5.81,0.0,0.0,Clouds,nuageux,77.6
6,Paris,48.8534951,2.3483915,2026-03-24,12.66,5.87,17.27,11.6,62,6.12,0.0,0.0,Clouds,couvert,65.4
6,Paris,48.8534951,2.3483915,2026-03-25,8.95,6.06,10.52,5.39,58,8.24,1.0,2.83,Rain,légère pluie,27.8
6,Paris,48.8534951,2.3483915,2026-03-26,8.26,4.35,10.31,5.84,44,6.37,0.0,0.0,Clouds,partiellement nuageux,59.2
6,Paris,48.8534951,2.3483915,2026-03-27,7.74,5.31,9.77,5.82,69,3.07,0.0,0.0,Clouds,couvert,55.7
6,Paris,48.8534951,2.3483915,2026-03-28,12.53,8.46,12.53,11.27,55,4.49,1.0,0.86,Rain,légère pluie,42.6
6,Paris,48.8534951,2.3483915,2026-03-29,8.32,4.85,9.88,6.05,54,4.34,0.0,0.0,Clouds,partiellement nuageux,60.7
6,Paris,48.8534951,2.3483915,2026-03-30,14.42,6.89,15.83,13.51,61,5.61,0.0,0.0,Clouds,couvert,65.8
6,Paris,48.8534951,2.3483915,2026-03-31,14.56,10.42,16.0,13.61,59,4.8,0.2,0.24,Rain,légère pluie,66.4
7,Amiens,49.8941708,2.2956951,2026-03-24,12.01,6.66,16.07,11.15,72,8.99,0.0,0.0,Clouds,couvert,63.3
7,Amiens,49.8941708,2.2956951,2026-03-25,6.11,3.72,10.03,0.71,89,11.45,1.0,3.76,Rain,légère pluie,13.4
7,Amiens,49.8941708,2.2956951,2026-03-26,7.46,1.13,8.23,3.91,51,7.35,0.0,0.0,Clouds,nuageux,58.5
7,Amiens,49.8941708,2.2956951,2026-03-27,8.55,2.77,9.98,5.94,88,5.23,0.0,0.0,Clouds,couvert,48.1
7,Amiens,49.8941708,2.2956951,2026-03-28,11.51,6.64,11.51,10.1,53,6.21,0.2,0.33,Rain,légère pluie,65.3
7,Amiens,49.8941708,2.2956951,2026-03-29,8.32,1.79,9.49,5.59,62,6.58,0.2,0.12,Rain,légère pluie,47.1
7,Amiens,49.8941708,2.2956951,2026-03-30,13.64,6.61,14.26,12.89,70,7.58,0.2,0.21,Rain,légère pluie,58.3
7,Amiens,49.8941708,2.2956951,2026-03-31,13.62,7.66,13.93,12.97,74,6.35,0.2,0.45,Rain,légère pluie,59.2
8,Lille,50.6365654,3.0635282,2026-03-24,11.51,6.73,15.35,10.52,69,9.1,0.0,0.0,Clouds,couvert,63.2
8,Lille,50.6365654,3.0635282,2026-03-25,7.17,4.4,10.68,2.97,79,11.21,1.0,5.02,Rain,légère pluie,13.6
8,Lille,50.6365654,3.0635282,2026-03-26,6.88,2.04,7.32,2.77,57,7.48,1.0,2.45,Rain,légère pluie,28.4
8,Lille,50.6365654,3.0635282,2026-03-27,7.85,3.52,10.19,5.5,93,4.7,0.2,0.41,Rain,légère pluie,42.5
8,Lille,50.6365654,3.0635282,2026-03-28,11.01,6.99,11.01,9.5,51,5.21,1.0,2.04,Rain,légère pluie,42.1
8,Lille,50.6365654,3.0635282,2026-03-29,9.79,3.67,9.79,7.19,50,5.38,0.2,0.21,Rain,légère pluie,54.0
8,Lille,50.6365654,3.0635282,2026-03-30,14.11,8.32,14.11,12.96,53,8.2,0.0,0.0,Clouds,partiellement nuageux,69.8
8,Lille,50.6365654,3.0635282,2026-03-31,11.38,8.12,12.43,10.74,83,5.47,0.2,0.6,Rain,légère pluie,53.9
9,Strasbourg,48.584614,7.7507127,2026-03-24,11.1,3.26,17.0,9.86,61,3.37,0.0,0.0,Clouds,nuageux,67.5
9,Strasbourg,48.584614,7.7507127,2026-03-25,8.36,3.84,10.78,4.7,78,8.66,1.0,3.6,Rain,légère pluie,15.5
9,Strasbourg,48.584614,7.7507127,2026-03-26,6.46,2.1,8.2,2.83,56,5.93,1.0,3.34,Snow,pluie et neige,29.6
9,Strasbourg,48.584614,7.7507127,2026-03-27,7.89,-0.06,8.4,7.89,49,3.27,0.45,0.0,Clouds,nuageux,48.0
9,Strasbourg,48.584614,7.7507127,2026-03-28,7.61,4.56,7.61,5.82,69,3.5,1.0,2.45,Rain,légère pluie,25.4
9,Strasbourg,48.584614,7.7507127,2026-03-29,9.76,5.18,11.32,7.86,52,4.9,1.0,9.18,Rain,pluie modérée,30.3
9,Strasbourg,48.584614,7.7507127,2026-03-30,5.76,2.95,7.78,2.66,75,5.03,0.2,0.12,Rain,légère pluie,48.2
9,Strasbourg,48.584614,7.7507127,2026-03-31,9.85,4.95,12.58,7.93,59,4.54,0.86,0.78,Rain,légère pluie,34.8
10,Chateau du Haut Koenigsbourg,48.249382,7.3439412,2026-03-24,8.82,0.67,14.43,8.23,54,2.29,0.0,0.0,Clouds,partiellement nuageux,62.3
10,Chateau du Haut Koenigsbourg,48.249382,7.3439412,2026-03-25,5.08,0.34,7.76,0.89,86,7.76,1.0,4.06,Snow,pluie et neige,16.2
10,Chateau du Haut Koenigsbourg,48.249382,7.3439412,2026-03-26,2.64,-1.73,4.36,-1.4,66,5.42,0.98,0.0,Snow,légères chutes de neige,24.5
10,Chateau du Haut Koenigsbourg,48.249382,7.3439412,2026-03-27,5.72,-3.84,5.72,5.72,50,2.3,0.0,0.0,Clouds,nuageux,62.3
10,Chateau du Haut Koenigsbourg,48.249382,7.3439412,2026-03-28,6.43,1.84,6.43,6.43,79,1.3,1.0,3.3,Rain,légère pluie,21.0
10,Chateau du Haut Koenigsbourg,48.249382,7.3439412,2026-03-29,6.7,1.46,7.91,4.32,56,3.35,1.0,9.42,Rain,pluie modérée,31.5
10,Chateau du Haut Koenigsbourg,48.249382,7.3439412,2026-03-30,2.95,-0.22,4.74,0.58,80,2.39,0.2,0.12,Rain,légère pluie,44.2
10,Chateau du Haut Koenigsbourg,48.249382,7.3439412,2026-03-31,7.59,1.59,8.0,5.33,66,4.0,0.64,0.9,Rain,légère pluie,35.8
11,Colmar,48.0777517,7.3579641,2026-03-24,11.57,3.33,17.03,10.27,57,2.53,0.0,0.0,Clouds,partiellement nuageux,74.1
11,Colmar,48.0777517,7.3579641,2026-03-25,8.08,2.96,10.82,4.76,83,7.83,1.0,2.74,Snow,pluie et neige,16.1
11,Colmar,48.0777517,7.3579641,2026-03-26,5.98,1.83,7.3,2.46,60,5.82,0.96,0.43,Snow,pluie et neige,30.8
11,Colmar,48.0777517,7.3579641,2026-03-27,8.47,-0.76,8.69,7.86,45,2.25,0.05,0.0,Clouds,nuageux,60.8
11,Colmar,48.0777517,7.3579641,2026-03-28,10.05,3.22,10.05,8.89,68,1.85,1.0,2.64,Rain,légère pluie,38.6
11,Colmar,48.0777517,7.3579641,2026-03-29,9.29,4.44,10.39,7.14,55,3.97,1.0,9.28,Rain,pluie modérée,31.0
11,Colmar,48.0777517,7.3579641,2026-03-30,6.33,2.63,7.28,5.55,72,2.49,0.0,0.0,Clouds,couvert,56.1
11,Colmar,48.0777517,7.3579641,2026-03-31,9.15,4.43,10.7,8.62,73,3.16,0.55,0.72,Rain,légère pluie,39.1
12,Eguisheim,48.0447968,7.3079618,2026-03-24,11.3,3.03,16.72,10.0,58,2.57,0.0,0.0,Clouds,partiellement nuageux,74.1
12,Eguisheim,48.0447968,7.3079618,2026-03-25,7.69,2.71,10.51,4.18,83,7.92,1.0,2.97,Snow,pluie et neige,16.1
12,Eguisheim,48.0447968,7.3079618,2026-03-26,5.72,1.56,6.93,2.2,59,5.65,1.0,0.44,Snow,pluie et neige,29.8
12,Eguisheim,48.0447968,7.3079618,2026-03-27,8.17,-1.09,8.5,7.24,45,2.17,0.0,0.0,Clouds,nuageux,62.4
12,Eguisheim,48.0447968,7.3079618,2026-03-28,10.15,2.65,10.15,8.97,67,1.73,1.0,2.59,Rain,légère pluie,38.7
12,Eguisheim,48.0447968,7.3079618,2026-03-29,8.86,4.15,9.89,6.64,56,3.91,1.0,9.22,Rain,pluie modérée,31.1
12,Eguisheim,48.0447968,7.3079618,2026-03-30,6.07,2.41,7.05,5.15,71,2.45,0.0,0.0,Clouds,couvert,56.2
12,Eguisheim,48.0447968,7.3079618,2026-03-31,8.34,4.15,10.22,8.34,77,2.89,0.61,0.99,Rain,légère pluie,31.5
13,Besancon,47.2380222,6.0243622,2026-03-24,12.08,3.77,15.86,11.35,77,2.35,0.0,0.0,Clouds,nuageux,62.2
13,Besancon,47.2380222,6.0243622,2026-03-25,7.48,2.24,10.28,3.46,93,8.47,1.0,5.05,Snow,pluie et neige,15.6
13,Besancon,47.2380222,6.0243622,2026-03-26,4.0,-0.21,6.57,0.87,80,5.2,1.0,2.27,Snow,pluie et neige,18.1
13,Besancon,47.2380222,6.0243622,2026-03-27,7.54,-2.34,7.69,5.58,54,2.96,0.1,0.0,Clouds,partiellement nuageux,58.8
13,Besancon,47.2380222,6.0243622,2026-03-28,5.97,2.36,6.69,5.97,87,1.38,1.0,2.97,Rain,légère pluie,21.0
13,Besancon,47.2380222,6.0243622,2026-03-29,9.04,2.27,10.2,6.12,61,5.71,1.0,7.43,Rain,pluie modérée,23.7
13,Besancon,47.2380222,6.0243622,2026-03-30,5.13,0.5,5.53,3.73,75,2.01,0.0,0.0,Clouds,couvert,56.5
13,Besancon,47.2380222,6.0243622,2026-03-31,7.84,3.22,8.81,7.84,89,2.5,0.23,0.45,Rain,légère pluie,43.2
14,Dijon,47.3215806,5.0414701,2026-03-24,10.98,3.37,16.06,9.83,65,2.8,0.0,0.0,Clouds,partiellement nuageux,67.9
14,Dijon,47.3215806,5.0414701,2026-03-25,9.33,1.82,9.33,5.39,69,9.68,1.0,1.69,Rain,légère pluie,20.7
14,Dijon,47.3215806,5.0414701,2026-03-26,6.61,1.06,7.14,2.83,57,7.65,1.0,1.45,Rain,légère pluie,28.3
14,Dijon,47.3215806,5.0414701,2026-03-27,7.22,-1.14,7.51,4.67,60,3.93,0.0,0.0,Clouds,nuageux,61.1
14,Dijon,47.3215806,5.0414701,2026-03-28,9.67,4.96,9.67,9.39,83,3.1,1.0,5.12,Rain,légère pluie,19.7
14,Dijon,47.3215806,5.0414701,2026-03-29,9.39,3.55,9.95,6.16,57,7.18,1.0,2.04,Rain,légère pluie,28.6
14,Dijon,47.3215806,5.0414701,2026-03-30,5.96,1.73,7.26,4.1,74,3.52,0.0,0.0,Clouds,couvert,55.4
14,Dijon,47.3215806,5.0414701,2026-03-31,10.73,5.67,10.73,9.97,81,7.18,0.2,0.3,Rain,légère pluie,52.6
15,Annecy,45.8992348,6.1288847,2026-03-24,10.78,4.51,17.44,9.69,68,1.91,0.0,0.0,Clouds,partiellement nuageux,68.6
15,Annecy,45.8992348,6.1288847,2026-03-25,14.81,2.88,14.81,13.7,52,3.35,1.0,6.45,Snow,pluie et neige,43.5
15,Annecy,45.8992348,6.1288847,2026-03-26,3.31,-1.0,4.55,-0.27,82,5.09,1.0,0.41,Snow,pluie et neige,18.2
15,Annecy,45.8992348,6.1288847,2026-03-27,6.13,-1.89,6.65,2.42,69,5.76,0.41,0.0,Clouds,nuageux,41.4
15,Annecy,45.8992348,6.1288847,2026-03-28,9.52,-3.06,9.71,8.2,66,2.58,0.2,0.13,Rain,légère pluie,50.1
15,Annecy,45.8992348,6.1288847,2026-03-29,5.52,3.48,5.65,2.51,95,4.38,1.0,2.61,Rain,légère pluie,18.7
15,Annecy,45.8992348,6.1288847,2026-03-30,11.4,0.73,11.4,10.08,57,3.28,0.0,0.0,Clouds,peu nuageux,73.5
15,Annecy,45.8992348,6.1288847,2026-03-31,11.95,2.68,11.95,10.82,62,6.84,0.0,0.0,Clouds,peu nuageux,64.9
16,Grenoble,45.1875602,5.7357819,2026-03-24,12.99,6.21,19.83,12.2,71,2.16,0.0,0.0,Clouds,nuageux,68.4
16,Grenoble,45.1875602,5.7357819,2026-03-25,17.14,3.91,17.22,16.08,45,3.73,1.0,6.2,Snow,pluie et neige,55.2
16,Grenoble,45.1875602,5.7357819,2026-03-26,3.62,0.33,4.48,0.38,99,4.48,1.0,0.0,Snow,chutes de neige,18.6
16,Grenoble,45.1875602,5.7357819,2026-03-27,5.6,-0.24,6.91,2.52,85,4.22,0.51,0.63,Snow,pluie et neige,33.5
16,Grenoble,45.1875602,5.7357819,2026-03-28,8.3,-2.72,8.97,7.22,86,1.99,0.0,0.0,Clouds,partiellement nuageux,50.5
16,Grenoble,45.1875602,5.7357819,2026-03-29,6.06,5.21,6.55,4.79,99,3.07,1.0,2.55,Rain,légère pluie,19.7
16,Grenoble,45.1875602,5.7357819,2026-03-30,10.9,4.59,12.05,9.95,73,3.88,0.0,0.0,Clouds,nuageux,67.1
16,Grenoble,45.1875602,5.7357819,2026-03-31,11.69,5.26,12.81,10.87,75,5.13,0.2,0.12,Rain,légère pluie,60.2
17,Lyon,45.7578137,4.8320114,2026-03-24,9.94,4.61,17.23,9.07,69,2.21,0.0,0.0,Clouds,partiellement nuageux,56.3
17,Lyon,45.7578137,4.8320114,2026-03-25,13.67,4.59,15.61,12.42,51,7.54,1.0,0.64,Rain,légère pluie,40.3
17,Lyon,45.7578137,4.8320114,2026-03-26,6.89,3.13,9.05,2.53,52,8.41,0.25,0.24,Rain,légère pluie,50.2
17,Lyon,45.7578137,4.8320114,2026-03-27,8.95,0.66,10.39,5.38,42,7.73,0.0,0.0,Clear,ciel dégagé,58.2
17,Lyon,45.7578137,4.8320114,2026-03-28,9.57,4.02,9.57,7.36,73,4.24,0.55,0.29,Rain,légère pluie,38.3
17,Lyon,45.7578137,4.8320114,2026-03-29,11.0,6.34,11.62,9.54,53,8.08,1.0,5.69,Rain,pluie modérée,39.9
17,Lyon,45.7578137,4.8320114,2026-03-30,10.6,3.09,10.6,8.94,47,5.37,0.0,0.0,Clouds,partiellement nuageux,72.0
17,Lyon,45.7578137,4.8320114,2026-03-31,12.35,6.77,12.53,11.26,62,7.76,0.2,0.24,Rain,légère pluie,58.2
18,Gorges du Verdon,43.7496562,6.3285616,2026-03-24,10.28,1.92,13.76,8.8,55,3.54,0.0,0.0,Clear,ciel dégagé,73.3
18,Gorges du Verdon,43.7496562,6.3285616,2026-03-25,11.74,0.41,14.39,10.35,53,12.57,0.0,0.0,Clouds,nuageux,66.6
18,Gorges du Verdon,43.7496562,6.3285616,2026-03-26,5.55,-2.25,6.5,1.1,26,12.87,0.0,0.0,Clear,ciel dégagé,48.3
18,Gorges du Verdon,43.7496562,6.3285616,2026-03-27,9.02,-2.46,9.02,7.08,28,3.45,0.0,0.0,Clear,ciel dégagé,55.4
18,Gorges du Verdon,43.7496562,6.3285616,2026-03-28,11.36,0.85,11.38,9.15,23,2.46,0.0,0.0,Clear,ciel dégagé,68.2
18,Gorges du Verdon,43.7496562,6.3285616,2026-03-29,12.73,2.0,12.73,10.89,32,3.28,0.0,0.0,Clouds,nuageux,73.5
18,Gorges du Verdon,43.7496562,6.3285616,2026-03-30,14.35,4.06,14.35,12.68,32,4.52,0.0,0.0,Clouds,nuageux,72.6
18,Gorges du Verdon,43.7496562,6.3285616,2026-03-31,20.17,6.07,20.17,18.95,27,2.68,0.0,0.0,Clouds,partiellement nuageux,92.0
19,Bormes les Mimosas,43.1506968,6.3419285,2026-03-24,14.93,6.53,16.34,13.99,58,4.73,0.0,0.0,Clear,ciel dégagé,72.5
19,Bormes les Mimosas,43.1506968,6.3419285,2026-03-25,16.09,7.17,17.09,15.14,53,16.56,0.0,0.0,Clouds,partiellement nuageux,75.6
19,Bormes les Mimosas,43.1506968,6.3419285,2026-03-26,10.72,5.18,11.89,8.79,36,17.03,0.0,0.0,Clear,ciel dégagé,63.2
19,Bormes les Mimosas,43.1506968,6.3419285,2026-03-27,11.55,3.54,11.74,9.83,41,7.6,0.0,0.0,Clear,ciel dégagé,70.3
19,Bormes les Mimosas,43.1506968,6.3419285,2026-03-28,13.19,5.8,13.19,11.58,39,3.96,0.0,0.0,Clear,ciel dégagé,73.0
19,Bormes les Mimosas,43.1506968,6.3419285,2026-03-29,14.78,6.99,14.78,13.49,45,3.18,0.0,0.0,Clouds,nuageux,73.6
19,Bormes les Mimosas,43.1506968,6.3419285,2026-03-30,16.55,8.24,17.09,15.46,46,6.33,0.0,0.0,Clouds,nuageux,83.3
19,Bormes les Mimosas,43.1506968,6.3419285,2026-03-31,17.55,8.83,17.55,16.54,45,3.46,0.0,0.0,Clouds,peu nuageux,85.4
20,Cassis,43.2140359,5.5396318,2026-03-24,14.79,6.59,16.51,13.84,58,2.69,0.0,0.0,Clear,ciel dégagé,74.0
20,Cassis,43.2140359,5.5396318,2026-03-25,14.18,8.77,16.56,13.25,61,16.28,0.0,0.0,Clouds,nuageux,57.8
20,Cassis,43.2140359,5.5396318,2026-03-26,8.26,5.8,9.77,2.33,52,19.81,0.0,0.0,Clear,ciel dégagé,49.1
20,Cassis,43.2140359,5.5396318,2026-03-27,12.32,5.03,13.48,10.47,33,14.99,0.0,0.0,Clear,ciel dégagé,64.8
20,Cassis,43.2140359,5.5396318,2026-03-28,11.89,7.81,12.59,10.31,45,3.05,0.0,0.0,Clouds,peu nuageux,73.7
20,Cassis,43.2140359,5.5396318,2026-03-29,14.64,9.2,14.99,13.28,43,6.84,0.0,0.0,Clouds,couvert,70.9
20,Cassis,43.2140359,5.5396318,2026-03-30,15.77,9.89,16.52,14.6,46,8.36,0.0,0.0,Clouds,partiellement nuageux,81.7
20,Cassis,43.2140359,5.5396318,2026-03-31,18.22,9.91,20.28,17.3,46,6.1,0.0,0.0,Clear,ciel dégagé,83.4
21,Marseille,43.2961743,5.3699525,2026-03-24,15.33,7.39,17.49,14.46,59,2.73,0.0,0.0,Clear,ciel dégagé,86.0
21,Marseille,43.2961743,5.3699525,2026-03-25,15.23,9.52,17.75,14.35,59,15.6,0.0,0.0,Clouds,nuageux,76.3
21,Marseille,43.2961743,5.3699525,2026-03-26,9.17,7.0,10.53,3.65,50,19.16,0.0,0.0,Clear,ciel dégagé,49.6
21,Marseille,43.2961743,5.3699525,2026-03-27,12.3,5.87,13.88,10.53,36,16.41,0.0,0.0,Clear,ciel dégagé,63.7
21,Marseille,43.2961743,5.3699525,2026-03-28,13.07,8.5,14.25,11.42,38,4.7,0.0,0.0,Clouds,peu nuageux,72.5
21,Marseille,43.2961743,5.3699525,2026-03-29,15.13,9.93,15.38,13.95,48,7.6,0.0,0.0,Clouds,couvert,82.3
21,Marseille,43.2961743,5.3699525,2026-03-30,16.03,10.19,17.38,14.89,46,10.28,0.0,0.0,Clouds,partiellement nuageux,80.3
21,Marseille,43.2961743,5.3699525,2026-03-31,18.59,10.03,20.37,17.68,45,7.99,0.0,0.0,Clear,ciel dégagé,82.0
22,Aix en Provence,43.5298424,5.4474738,2026-03-24,13.39,6.05,17.56,12.4,62,3.6,0.0,0.0,Clear,ciel dégagé,67.3
22,Aix en Provence,43.5298424,5.4474738,2026-03-25,16.05,6.61,18.37,14.96,48,12.06,0.0,0.0,Clouds,nuageux,79.0
22,Aix en Provence,43.5298424,5.4474738,2026-03-26,8.18,3.57,9.2,3.04,47,14.21,0.0,0.0,Clear,ciel dégagé,53.3
22,Aix en Provence,43.5298424,5.4474738,2026-03-27,12.58,3.3,13.25,10.62,28,9.65,0.0,0.0,Clear,ciel dégagé,62.8
22,Aix en Provence,43.5298424,5.4474738,2026-03-28,14.89,4.98,15.52,13.14,27,3.14,0.0,0.0,Clouds,peu nuageux,67.6
22,Aix en Provence,43.5298424,5.4474738,2026-03-29,15.38,7.23,16.55,14.02,40,4.27,0.0,0.0,Clouds,couvert,84.8
22,Aix en Provence,43.5298424,5.4474738,2026-03-30,17.53,7.2,18.57,16.25,35,5.23,0.0,0.0,Clouds,nuageux,84.1
22,Aix en Provence,43.5298424,5.4474738,2026-03-31,20.56,7.51,20.56,19.53,33,6.21,0.0,0.0,Clear,ciel dégagé,95.3
23,Avignon,43.9492493,4.8059012,2026-03-24,14.22,6.58,18.73,13.39,65,4.61,0.0,0.0,Clouds,peu nuageux,66.5
23,Avignon,43.9492493,4.8059012,2026-03-25,17.14,7.89,19.43,16.24,51,9.72,0.0,0.0,Clouds,nuageux,80.7
23,Avignon,43.9492493,4.8059012,2026-03-26,10.04,5.31,11.14,8.33,47,14.2,0.0,0.0,Clear,ciel dégagé,65.3
23,Avignon,43.9492493,4.8059012,2026-03-27,10.67,3.58,11.4,8.99,46,14.42,0.0,0.0,Clouds,partiellement nuageux,65.2
23,Avignon,43.9492493,4.8059012,2026-03-28,13.38,5.13,13.91,12.11,51,10.65,0.0,0.0,Clouds,peu nuageux,68.0
23,Avignon,43.9492493,4.8059012,2026-03-29,11.37,8.07,12.31,10.23,64,14.46,0.0,0.0,Clouds,couvert,59.2
23,Avignon,43.9492493,4.8059012,2026-03-30,13.7,5.78,14.42,12.38,48,17.2,0.0,0.0,Clouds,nuageux,63.1
23,Avignon,43.9492493,4.8059012,2026-03-31,15.73,9.01,15.73,14.74,53,20.89,0.0,0.0,Clouds,partiellement nuageux,73.0
24,Uzes,44.0121279,4.4196718,2026-03-24,14.04,5.82,17.54,13.2,65,5.21,0.0,0.0,Clouds,partiellement nuageux,66.1
24,Uzes,44.0121279,4.4196718,2026-03-25,17.64,6.54,18.58,16.63,45,10.62,0.0,0.0,Clouds,nuageux,80.0
24,Uzes,44.0121279,4.4196718,2026-03-26,9.59,4.59,10.95,5.36,42,12.68,0.0,0.0,Clear,ciel dégagé,54.5
24,Uzes,44.0121279,4.4196718,2026-03-27,10.66,4.27,11.38,8.85,41,11.93,0.0,0.0,Clouds,nuageux,67.1
24,Uzes,44.0121279,4.4196718,2026-03-28,13.42,5.47,13.43,12.31,57,10.02,0.0,0.0,Clouds,partiellement nuageux,68.5
24,Uzes,44.0121279,4.4196718,2026-03-29,12.57,8.62,12.84,11.34,56,13.04,0.0,0.0,Clouds,couvert,66.2
24,Uzes,44.0121279,4.4196718,2026-03-30,14.2,6.86,15.27,12.88,46,12.9,0.0,0.0,Clouds,partiellement nuageux,66.3
24,Uzes,44.0121279,4.4196718,2026-03-31,16.77,10.71,16.77,15.73,47,18.21,0.0,0.0,Clouds,peu nuageux,74.3
25,Nimes,43.8374249,4.3600687,2026-03-24,14.93,6.22,18.26,13.94,56,4.88,0.0,0.0,Clouds,peu nuageux,72.3
25,Nimes,43.8374249,4.3600687,2026-03-25,17.45,7.94,19.36,16.43,45,9.49,0.0,0.0,Clouds,nuageux,80.9
25,Nimes,43.8374249,4.3600687,2026-03-26,10.83,5.69,12.04,8.88,35,11.68,0.0,0.0,Clear,ciel dégagé,67.2
25,Nimes,43.8374249,4.3600687,2026-03-27,11.6,5.15,12.41,9.7,34,11.15,0.0,0.0,Clouds,couvert,67.6
25,Nimes,43.8374249,4.3600687,2026-03-28,14.5,6.35,14.99,13.34,51,9.51,0.0,0.0,Clouds,partiellement nuageux,68.9
25,Nimes,43.8374249,4.3600687,2026-03-29,13.68,9.49,13.98,12.41,50,12.03,0.0,0.0,Clouds,couvert,67.0
25,Nimes,43.8374249,4.3600687,2026-03-30,15.12,7.89,16.5,13.73,40,11.37,0.0,0.0,Clouds,partiellement nuageux,79.5
25,Nimes,43.8374249,4.3600687,2026-03-31,17.62,11.5,17.62,16.56,43,17.13,0.0,0.0,Clear,ciel dégagé,75.2
26,Aigues Mortes,43.5661521,4.19154,2026-03-24,14.9,6.84,16.98,13.99,59,4.14,0.0,0.0,Clear,ciel dégagé,72.9
26,Aigues Mortes,43.5661521,4.19154,2026-03-25,16.85,9.17,17.71,15.95,52,13.18,0.0,0.0,Clouds,nuageux,78.1
26,Aigues Mortes,43.5661521,4.19154,2026-03-26,11.55,7.04,12.75,9.7,36,12.88,0.0,0.0,Clear,ciel dégagé,66.3
26,Aigues Mortes,43.5661521,4.19154,2026-03-27,12.49,6.68,13.43,10.66,33,11.08,0.0,0.0,Clouds,partiellement nuageux,67.7
26,Aigues Mortes,43.5661521,4.19154,2026-03-28,15.33,7.16,15.62,14.25,51,7.82,0.0,0.0,Clouds,peu nuageux,82.1
26,Aigues Mortes,43.5661521,4.19154,2026-03-29,14.21,10.57,14.68,12.99,50,11.1,0.0,0.0,Clouds,couvert,67.7
26,Aigues Mortes,43.5661521,4.19154,2026-03-30,15.92,9.11,17.33,14.61,40,11.27,0.0,0.0,Clouds,partiellement nuageux,79.5
26,Aigues Mortes,43.5661521,4.19154,2026-03-31,18.11,12.71,18.11,17.15,45,15.96,0.0,0.0,Clear,ciel dégagé,76.0
27,Saintes Maries de la mer,43.4515922,4.4277202,2026-03-24,13.58,10.42,15.5,12.61,62,6.46,0.0,0.0,Clear,ciel dégagé,65.2
27,Saintes Maries de la mer,43.4515922,4.4277202,2026-03-25,16.17,9.41,17.04,15.36,58,13.4,0.0,0.0,Clouds,couvert,78.0
27,Saintes Maries de la mer,43.4515922,4.4277202,2026-03-26,11.04,7.48,12.28,9.24,40,15.06,0.0,0.0,Clear,ciel dégagé,64.7
27,Saintes Maries de la mer,43.4515922,4.4277202,2026-03-27,11.06,7.12,12.01,9.32,42,16.26,0.0,0.0,Clouds,nuageux,63.8
27,Saintes Maries de la mer,43.4515922,4.4277202,2026-03-28,13.54,8.53,14.23,12.46,58,13.17,0.0,0.0,Clouds,peu nuageux,66.1
27,Saintes Maries de la mer,43.4515922,4.4277202,2026-03-29,12.87,10.9,13.74,11.75,59,15.13,0.0,0.0,Clouds,couvert,64.7
27,Saintes Maries de la mer,43.4515922,4.4277202,2026-03-30,14.59,8.89,15.74,13.31,46,14.78,0.0,0.0,Clouds,nuageux,64.9
27,Saintes Maries de la mer,43.4515922,4.4277202,2026-03-31,16.91,12.68,16.91,15.88,47,21.34,0.0,0.0,Clear,ciel dégagé,73.0
28,Collioure,42.52505,3.0831554,2026-03-24,16.43,9.99,17.64,15.41,49,3.26,0.0,0.0,Clear,ciel dégagé,85.6
28,Collioure,42.52505,3.0831554,2026-03-25,19.05,8.72,19.6,18.26,48,13.49,0.0,0.0,Clouds,peu nuageux,77.9
28,Collioure,42.52505,3.0831554,2026-03-26,11.29,6.44,12.24,9.78,50,14.81,0.0,0.0,Clear,ciel dégagé,64.9
28,Collioure,42.52505,3.0831554,2026-03-27,13.88,7.85,13.88,12.32,38,14.21,0.0,0.0,Clouds,peu nuageux,65.3
28,Collioure,42.52505,3.0831554,2026-03-28,15.92,9.7,16.39,14.82,48,10.15,0.0,0.0,Clouds,partiellement nuageux,80.4
28,Collioure,42.52505,3.0831554,2026-03-29,12.15,10.02,12.89,11.12,65,14.2,0.0,0.0,Clouds,couvert,59.4
28,Collioure,42.52505,3.0831554,2026-03-30,16.56,9.29,16.56,15.19,35,14.26,0.0,0.0,Clouds,nuageux,77.3
28,Collioure,42.52505,3.0831554,2026-03-31,18.71,13.03,18.71,17.89,48,16.38,0.0,0.0,Clear,ciel dégagé,75.7
29,Carcassonne,43.2130358,2.3491069,2026-03-24,13.95,6.96,20.98,13.12,66,3.6,0.0,0.0,Clouds,peu nuageux,67.3
29,Carcassonne,43.2130358,2.3491069,2026-03-25,15.07,7.66,16.47,14.09,56,11.9,0.26,0.2,Rain,légère pluie,71.3
29,Carcassonne,43.2130358,2.3491069,2026-03-26,9.46,4.14,10.18,5.41,52,11.72,0.2,0.0,Clouds,partiellement nuageux,49.2
29,Carcassonne,43.2130358,2.3491069,2026-03-27,10.83,3.5,11.87,9.04,41,9.45,0.0,0.0,Clouds,peu nuageux,68.9
29,Carcassonne,43.2130358,2.3491069,2026-03-28,13.69,3.47,13.69,12.6,57,7.07,0.29,0.28,Rain,légère pluie,62.0
29,Carcassonne,43.2130358,2.3491069,2026-03-29,10.87,6.92,10.87,9.74,66,9.64,0.56,1.02,Rain,légère pluie,46.0
29,Carcassonne,43.2130358,2.3491069,2026-03-30,12.43,3.64,13.98,11.01,49,9.06,0.0,0.0,Clouds,couvert,69.2
29,Carcassonne,43.2130358,2.3491069,2026-03-31,15.62,6.8,15.66,14.8,60,9.77,0.0,0.0,Clouds,nuageux,80.7
30,Ariege,42.9455368,1.4065544,2026-03-24,12.0,1.71,17.57,10.8,59,2.8,0.0,0.0,Clouds,partiellement nuageux,73.9
30,Ariege,42.9455368,1.4065544,2026-03-25,10.36,1.02,10.52,8.89,55,5.15,1.0,1.9,Rain,légère pluie,42.1
30,Ariege,42.9455368,1.4065544,2026-03-26,1.32,-1.36,2.56,-1.54,80,3.56,1.0,1.05,Snow,pluie et neige,19.3
30,Ariege,42.9455368,1.4065544,2026-03-27,6.57,-3.63,6.67,4.65,47,2.84,0.0,0.0,Clouds,peu nuageux,61.9
30,Ariege,42.9455368,1.4065544,2026-03-28,8.29,-0.66,8.29,6.58,63,2.81,1.0,1.52,Rain,légère pluie,25.9
30,Ariege,42.9455368,1.4065544,2026-03-29,0.73,0.26,3.09,-1.59,102,2.03,1.0,26.45,Snow,pluie et neige,20.5
30,Ariege,42.9455368,1.4065544,2026-03-30,6.41,-4.62,7.18,4.91,63,2.92,0.5,0.0,Clouds,nuageux,40.8
30,Ariege,42.9455368,1.4065544,2026-03-31,10.17,0.72,10.17,9.2,75,3.19,0.0,0.0,Clear,ciel dégagé,67.6
31,Toulouse,43.6044638,1.4442433,2026-03-24,15.27,6.03,19.75,14.45,61,2.17,0.0,0.0,Clouds,nuageux,80.4
31,Toulouse,43.6044638,1.4442433,2026-03-25,15.84,7.17,15.84,14.92,55,8.88,0.41,0.1,Rain,légère pluie,69.0
31,Toulouse,43.6044638,1.4442433,2026-03-26,9.26,3.43,9.75,6.02,50,7.21,0.2,0.28,Rain,légère pluie,52.6
31,Toulouse,43.6044638,1.4442433,2026-03-27,10.93,1.83,11.98,9.07,38,5.18,0.0,0.0,Clear,ciel dégagé,72.1
31,Toulouse,43.6044638,1.4442433,2026-03-28,13.88,3.18,13.88,12.81,57,5.14,0.2,0.31,Rain,légère pluie,66.1
31,Toulouse,43.6044638,1.4442433,2026-03-29,10.37,6.02,12.05,9.0,59,6.24,1.0,1.8,Rain,légère pluie,41.3
31,Toulouse,43.6044638,1.4442433,2026-03-30,12.46,2.51,14.03,10.99,47,5.19,0.0,0.0,Clouds,nuageux,72.1
31,Toulouse,43.6044638,1.4442433,2026-03-31,14.99,5.64,17.58,14.11,60,6.87,0.0,0.0,Clouds,partiellement nuageux,70.8
32,Montauban,44.0175835,1.3549991,2026-03-24,14.73,5.35,17.72,13.9,63,2.09,0.0,0.0,Clouds,nuageux,68.4
32,Montauban,44.0175835,1.3549991,2026-03-25,11.28,6.36,14.94,10.71,86,8.61,0.54,0.35,Rain,légère pluie,41.3
32,Montauban,44.0175835,1.3549991,2026-03-26,8.38,2.13,10.03,5.01,56,7.54,0.0,0.0,Clouds,partiellement nuageux,58.3
32,Montauban,44.0175835,1.3549991,2026-03-27,10.69,1.08,12.51,8.96,44,5.25,0.0,0.0,Clear,ciel dégagé,72.1
32,Montauban,44.0175835,1.3549991,2026-03-28,12.88,2.97,13.79,11.95,66,6.06,0.2,0.16,Rain,légère pluie,59.5
32,Montauban,44.0175835,1.3549991,2026-03-29,12.87,5.91,12.87,11.44,47,7.87,1.0,2.41,Rain,légère pluie,40.1
32,Montauban,44.0175835,1.3549991,2026-03-30,12.84,1.98,14.94,11.49,50,5.57,0.0,0.0,Clouds,nuageux,71.8
32,Montauban,44.0175835,1.3549991,2026-03-31,16.28,5.46,17.35,15.4,55,7.44,0.0,0.0,Clouds,partiellement nuageux,82.4
33,Biarritz,43.4711438,-1.5527266,2026-03-24,13.78,8.16,15.47,12.99,68,3.99,0.0,0.0,Clouds,partiellement nuageux,67.0
33,Biarritz,43.4711438,-1.5527266,2026-03-25,11.0,9.66,13.06,10.37,85,7.0,1.0,2.64,Rain,légère pluie,28.8
33,Biarritz,43.4711438,-1.5527266,2026-03-26,9.0,7.23,10.79,7.06,76,6.59,1.0,1.66,Rain,légère pluie,17.1
33,Biarritz,43.4711438,-1.5527266,2026-03-27,11.91,4.37,12.38,10.28,43,5.79,0.0,0.0,Clear,ciel dégagé,71.7
33,Biarritz,43.4711438,-1.5527266,2026-03-28,10.08,4.9,11.55,9.0,71,5.18,1.0,1.25,Rain,légère pluie,36.1
33,Biarritz,43.4711438,-1.5527266,2026-03-29,10.75,7.06,11.81,9.47,61,6.99,1.0,10.09,Rain,pluie modérée,34.8
33,Biarritz,43.4711438,-1.5527266,2026-03-30,12.42,4.06,13.44,11.0,49,5.67,0.0,0.0,Clouds,couvert,71.7
33,Biarritz,43.4711438,-1.5527266,2026-03-31,14.82,6.92,14.85,14.11,67,4.51,0.0,0.0,Clear,ciel dégagé,66.6
34,Bayonne,43.4945144,-1.4736657,2026-03-24,14.28,6.49,17.94,13.51,67,3.12,0.0,0.0,Clouds,partiellement nuageux,67.7
34,Bayonne,43.4945144,-1.4736657,2026-03-25,10.63,9.27,13.3,9.99,86,6.37,1.0,1.99,Rain,légère pluie,29.2
34,Bayonne,43.4945144,-1.4736657,2026-03-26,8.99,6.25,11.04,7.71,75,6.15,1.0,2.05,Rain,légère pluie,23.4
34,Bayonne,43.4945144,-1.4736657,2026-03-27,12.23,3.44,12.9,10.58,41,4.85,0.0,0.0,Clear,ciel dégagé,72.4
34,Bayonne,43.4945144,-1.4736657,2026-03-28,10.77,3.91,11.71,9.7,69,4.57,1.0,1.03,Rain,légère pluie,36.6
34,Bayonne,43.4945144,-1.4736657,2026-03-29,11.05,6.03,11.97,9.75,59,7.09,1.0,8.96,Rain,pluie modérée,40.7
34,Bayonne,43.4945144,-1.4736657,2026-03-30,12.6,3.14,14.1,11.17,48,4.95,0.0,0.0,Clouds,couvert,72.3
34,Bayonne,43.4945144,-1.4736657,2026-03-31,15.83,6.11,15.98,15.11,63,3.73,0.0,0.0,Clear,ciel dégagé,79.2
35,La Rochelle,46.159732,-1.1515951,2026-03-24,14.42,4.83,15.07,13.82,73,5.05,0.0,0.0,Clouds,partiellement nuageux,66.2
35,La Rochelle,46.159732,-1.1515951,2026-03-25,9.51,7.2,12.07,5.6,58,11.36,0.2,0.19,Rain,légère pluie,49.5
35,La Rochelle,46.159732,-1.1515951,2026-03-26,9.62,5.86,10.79,7.08,58,8.45,0.0,0.0,Clouds,partiellement nuageux,57.7
35,La Rochelle,46.159732,-1.1515951,2026-03-27,8.09,3.64,10.04,7.16,55,6.06,0.0,0.0,Clouds,peu nuageux,59.5
35,La Rochelle,46.159732,-1.1515951,2026-03-28,10.39,8.54,11.01,9.76,87,8.75,1.0,2.38,Rain,légère pluie,27.4
35,La Rochelle,46.159732,-1.1515951,2026-03-29,10.27,4.71,10.27,8.81,56,9.87,0.0,0.0,Clear,ciel dégagé,68.6
35,La Rochelle,46.159732,-1.1515951,2026-03-30,10.23,4.98,12.56,9.35,78,5.63,0.2,0.18,Rain,légère pluie,53.8
35,La Rochelle,46.159732,-1.1515951,2026-03-31,13.55,8.81,14.22,12.84,72,6.2,0.0,0.0,Clouds,partiellement nuageux,65.3
